Draft Class,Name,school,position,Height,Weight,Hand Size,Arm Length,Wonderlic,40 Yard Dash,Bench Press,Vertical,Broad Jump,20 Yard Shuttle,3 Cone,60Yd Shuttle,Rush Att,Rush Yds,Rush Avg,Rush TD,Rec,Rec Yds,Rec Avg,Rec TD,YP,Games Played
2008,Felix Jones,Arkansas,RB,70,207,,,,4.44,,33.5,124,4.19,,,386,2956,7.7,20,39,383,9.8,3,3,38
2012,Kenjon Barner,Oregon,RB,69,196,9.125,29.675,,4.52,,35.5,122,4.2,6.87,,582,3623,6.2,41,54,591,10.9,7,4,49
2016,Ezekiel Elliott,Ohio State,RB,72,225,10.25,31.25,,4.47,,32.5,118,,,,592,3961,6.7,43,58,449,7.7,1,3,35
2016,Derrick Henry,Alabama,RB,75,247,8.75,33,,4.54,,37,130,4.38,7.2,,602,3591,6,42,17,285,16.8,3,3,39
2017,Christian McCaffrey,Stanford,RB,71,202,9,30,,4.48,,37.5,121,4.22,6.57,,632,3922,6.2,21,99,1206,12.2,10,3,37
2017,Alvin Kamara,Tennessee,RB,70,214,9.25,32.75,,4.56,,39.5,131,,,,210,1294,6.2,16,74,683,9.2,7,2,24
2017,Marlon Mack,South Florida,RB,71,213,9,32,,4.5,,35.5,125,,,,586,3609,6.2,32,65,498,7.7,1,3,36
2017,Dare Ogunbowale,Wisconsin,RB,71,213,9.125,31.375,,4.65,,35,120,4.34,6.99,,319,1518,4.8,13,60,507,8.5,2,2,27
2017,Dalvin Cook,Florida State,RB,70,210,9.25,32.375,,4.49,,30.5,116,4.53,7.27,,687,4464,6.5,46,79,935,11.8,2,3,38
2017,Aaron Jones,UTEP,RB,69,208,9.5,32.5,,4.56,,37.5,127,4.2,6.82,,658,4114,6.3,33,71,646,9.1,7,4,35
2018,Saquon Barkley,Penn State,RB,72,233,9.5,31.375,,4.4,,41,,4.24,,,671,3843,5.7,43,102,1195,11.7,8,3,38
2018,Nick Chubb,Georgia,RB,70,227,9.625,32,,4.52,,38.5,128,4.25,,,758,4769,6.3,44,31,361,11.6,4,4,47
2019,Miles Sanders,Penn State,RB,70,211,9.25,30.675,,4.49,,36,124,4.19,6.89,,276,1649,6,12,32,193,6,1,3,36
2020,Deejay Dallas,Miami,RB,70,217,9.25,30.675,,4.58,,33.5,119,4.32,7.18,,265,1527,5.8,17,28,317,11.3,2,3,33
2020,Salvon Ahmed,Washington,RB,71,197,8.75,29.25,,4.62,,34.5,120,,,,353,2016,5.7,21,50,331,6.6,0,3,39
2020,Cam Akers,Florida State,RB,70,217,9,30.675,,4.47,,35.5,122,4.42,,,586,2875,4.9,27,69,486,7,7,3,36
2020,Eno Benjamin,Arizona State,RB,69,207,8.675,31.25,,4.57,,39,122,4.25,6.97,,576,2867,5,27,82,625,7.6,4,3,34
2020,Raymond Calais,Louisiana-Lafayette,RB,68,188,9.25,30,,4.42,,37.5,120,,,,236,1845,7.8,15,17,145,8.5,1,4,49
2020,AJ Dillon,Boston College,RB,72,247,9.675,31.675,,4.53,,41,131,,7.19,,845,4382,5.2,38,21,236,11.2,2,3,36
2020,J.K. Dobbins,Ohio State,RB,69,209,9.5,29.75,,,,,,,,,725,4459,6.2,38,71,645,9.1,5,3,42
2020,Clyde Edwards-Helaire,LSU,RB,67,207,9.675,29,,4.6,,39.5,123,,,,370,2103,5.7,23,69,595,8.6,1,3,38
2020,Darrynton Evans,Appalachian State,RB,70,203,9.25,31.675,,4.41,,37,125,,,,482,2884,6,25,39,319,8.2,6,3,39
2020,JaMycal Hasty,Baylor,RB,68,205,9.125,31.125,,4.55,,39,123,4.03,,,386,1998,5.2,15,79,485,6.1,1,4,45
2020,Brian Herrien,Georgia,RB,71,209,9,29.75,,4.62,,38.5,126,4.4,7.12,,277,1413,5.1,13,28,167,6,2,4,49
2020,Tony Jones,Notre Dame,RB,70,220,9.5,30.675,,4.68,,32.5,119,4.21,7.18,,271,1481,5.5,12,27,273,10.1,2,3,37
2020,Joshua Kelley,UCLA,RB,71,212,9.675,31.675,,4.49,,31,121,4.28,6.95,,454,2303,5.1,24,38,264,6.9,1,2,22
2020,Anthony McFarland,Maryland,RB,68,208,8.875,30.375,,4.44,,29.5,116,,,,245,1648,6.7,12,24,199,8.3,1,2,23
2020,Zack Moss,Utah,RB,69,223,9.25,31.25,,4.65,,33,,4.37,,,712,4067,5.7,38,66,685,10.4,3,4,45
2020,La'Mical Perine,Florida,RB,71,216,10.25,31.675,,4.62,,35,118,4.31,7.13,,493,2485,5,22,72,674,9.4,8,4,50
2020,James Robinson,Illinois State,RB,69,219,8.75,29.675,,4.64,,40,125,4.19,7.03,,797,4444,5.575909661,44,58,428,7.4,2,4,46
2020,D'Andre Swift,Georgia,RB,68,212,9,29.875,,4.48,,35.5,121,,,,440,2885,6.6,20,73,666,9.1,5,3,43
2020,Jonathan Taylor,Wisconsin,RB,70,226,9.5,31.125,,4.39,,36,123,4.24,7.01,,926,6174,6.7,50,42,407,9.7,5,3,41
2021,Rakeem Boyd,Arkansas,RB,71,213,8.675,32.5,,4.7,,32.5,98,4.38,7.22,,389,2176,5.6,13,52,358,6.9,0,3,31
2021,Gary Brightwell,Arizona,RB,70,218,9.75,31,,4.62,,34.5,118,4.48,7.51,,245,1305,5.3,9,19,121,6.4,1,4,28
2021,Michael Carter,North Carolina,RB,67,201,8.75,29.125,,4.5,,34,119,3.98,6.81,,514,3404,6.6,22,82,656,8,6,4,44
2021,Travis Etienne,Clemson,RB,70,215,9.375,30.125,,4.45,,33.5,128,,,,686,4952,7.2,70,102,1155,11.3,8,4,55
2021,Chris Evans,Michigan,RB,71,211,10,32.5,,4.5,,40.5,127,4.12,6.83,,320,1795,5.6,15,49,479,9.8,2,4,42
2021,Demetric Felton,UCLA,RB,68,189,9.375,31.375,,4.55,,31.5,114,4.5,7.31,,233,1101,4.7,7,99,958,9.7,8,4,31
2021,Jake Funk,Maryland,RB,70,204,9,30.25,,4.49,,38,122,4.12,6.71,,135,968,7.2,10,23,134,5.8,3,5,33
2021,Kenneth Gainwell,Memphis,RB,68,201,9.875,30.675,,4.42,,35,121,4.46,7.26,,235,1550,6.6,14,57,662,11.6,3,2,18
2021,Khalil Herbert,Virginia Tech,RB,68,210,8.675,31.25,,4.46,,33,115,4.31,6.96,,475,2918,6.1,22,34,297,8.7,1,5,46
2021,Kylin Hill,Mississippi St.,RB,70,214,9.675,30.5,,4.51,,36,122,4.35,7.13,,452,2535,5.6,16,67,631,9.4,6,4,40
2021,Chuba Hubbard,Oklahoma St.,RB,72,210,9,32,,4.48,,36,120,4.26,7.24,,585,3459,5.9,33,53,479,9,3,3,33
2021,Deon Jackson,Duke,RB,71,218,9.25,30.25,,4.41,,36,123,4.37,7.15,,526,2267,4.3,18,61,534,8.8,4,4,44
2021,Jermar Jefferson,Oregon St.,RB,70,206,9.675,30.5,,4.57,,31,115,4.38,7.38,,514,2923,5.7,27,43,299,7,2,3,27
2021,Elijah Mitchell,Louisiana,RB,70,201,9.75,31,,4.38,,37.5,128,4.19,6.94,,527,3267,6.2,41,49,597,12.2,5,4,42
2021,Jaret Patterson,Buffalo,RB,66,195,9.25,28.75,,4.59,,30,117,4.35,7.03,,636,3884,6.1,52,20,271,13.6,1,3,32
2021,Larry Rountree,Missouri,RB,70,211,9.125,30.75,,4.62,,30,108,4.47,6.96,,746,3720,5,40,47,289,6.1,0,4,48
2021,Trey Sermon,Ohio St.,RB,72,215,9.375,33.375,,4.57,,37,125,4.28,6.83,,455,2946,6.5,26,48,486,10.1,3,4,45
2021,Rhamondre Stevenson,Oklahoma,RB,71,231,9,30.25,,4.64,,31.5,112,4.15,7.09,,165,1180,7.2,13,28,298,10.6,0,2,19
2022,Breece Hall,Iowa State,RB,71,217,9.75,31.25,,4.39,,40,126,,,,718,3941,5.5,50,82,734,9,6,3,36
2022,Dameon Pierce,Florida,RB,70,218,9.375,30.75,,4.59,,34.5,119,,,,329,1806,5.5,23,45,422,9.4,5,4,48
2022,Isaiah Pacheco,Rutgers,RB,70,216,9.25,30.5,,4.37,,33,118,,,,563,2442,4.3,18,47,249,5.3,1,4,43
2022,Kenneth Walker,Michigan State,RB,69,211,9.5,30.375,,4.38,,34,122,,,,480,2794,5.8,35,19,136,7.2,1,3,33
2022,Tyler Allgeier,BYU,RB,71,224,9.675,74.5,,4.6,,33,120,,,,425,2899,6.4,36,46,437,9.5,1,4,41
2022,Tyler Badie,Missouri,RB,68,197,29.375,71.375,,4.45,,33.5,121,,,,513,2740,5.3,23,126,1149,9.1,11,4,46
2022,James Cook,Georgia,RB,71,199,9.375,76.25,,4.42,,33,124,,,,230,1503,6.5,14,67,730,10.9,6,4,47
2022,Tyrion Davis-Price,LSU,RB,72,211,9.25,75.675,,4.48,,30,117,,,,379,1744,4.6,15,28,185,6.6,0,3,35
2022,Jerrion Ealy,Mississippi,RB,68,189,8.5,29.125,,4.52,,34.5,128,,,,384,2235,5.8,20,67,545,8.1,4,3,33
2022,Zonovan Knight,North Carolina St.,RB,71,209,9.25,30.5,,4.58,,31,114,,,,419,2286,5.5,18,48,337,7,0,3,36
2022,Brian Robinson,Alabama,RB,74,225,9.75,31.875,,4.53,,30,119,,,,545,2704,5,29,52,446,8.6,2,5,61
2022,Pierre Strong,South Dakota St.,RB,71,207,9.25,31.875,,4.37,,36,124,,,,631,4527,7.2,40,62,581,9.4,3,4,48
2022,Jaylen Warren,Oklahoma St.,RB,68,204,9.25,29.875,,4.55,,31.5,119,,,,407,2037,5,19,45,440,9.8,0,3,29
2022,Rachaad White,Arizona St.,RB,72,214,9.75,31.25,,4.48,,38,125,,,,224,1420,6.3,20,51,607,11.9,2,2,15
2023,Israel Abanikanda,Pittsburgh,RB,71,216,8.25,32,,,,,,,,,390,2177,5.6,28,38,354,9.3,3,3,31
2023,Devon Achane,Texas A&M,RB,68.5,188,8.5,29,,4.32,,33,,,,,369,2376,6.4,21,65,554,8.5,5,3,30
2023,Tank Bigsby,Auburn,RB,72,210,9.5,32,,4.56,,32.5,119,,,,540,2903,5.4,25,62,448,7.2,0,3,35
2023,Chase Brown,Illinois,RB,69.5,209,10,31,,4.43,,40,127,,,,676,3358,5.3,18,58,521,9,3,5,47
2023,Zach Charbonnet,UCLA,RB,72,214,9.875,32,,4.53,,37,122,,,,566,3346,5.9,39,75,589,7.9,0,4,40
2023,Travis Dye,USC,RB,70,201,9.25,28.875,,,,,,,,,666,3995,6,30,104,1071,10.3,8,5,58
2023,Zach Evans,Mississippi,RB,71,202,10.25,31.625,,,,,,,,,290,1999,6.9,18,30,325,10.8,2,3,27
2023,Jahmyr Gibbs,Alabama,RB,69,199,9.25,30.5,,4.36,,33.5,,,,,383,2132,5.6,15,103,1212,11.8,8,3,31
2023,Eric Gray,Oklahoma,RB,69.5,207,9.75,29.625,,,,37.5,118,,,,549,3089,5.6,21,99,827,8.4,5,4,47
2023,Evan Hull,Northwestern,RB,70,209,9.25,30.625,,4.47,,37,123,4.38,6.9,,488,2417,5,18,94,851,9.1,4,4,36
2023,Mohamed Ibrahim,Minnesota,RB,68,203,9,28.625,,,,,,,,,867,4668,5.4,53,22,145,6.6,0,5,41
2023,Roschon Johnson,Texas,RB,72,219,9.625,32,,4.58,,31.5,122,,,,392,2190,5.6,23,56,420,7.5,3,4,47
2023,DeWayne McBride,UAB,RB,70,209,9.5,30.625,,,,,,,,,484,3523,7.3,36,5,29,5.8,0,3,30
2023,Kenny McIntosh,Georgia,RB,72,204,9,30.5,,4.62,,,,,,,279,1582,5.7,16,76,861,11.3,4,4,48
2023,Kendre Miller,TCU,RB,71,215,9.375,32.375,,,,,,,,,361,2410,6.7,26,29,229,7.9,1,3,33
2022,Kyren Williams,Notre Dame,RB,69.25,194,9,28.63,,4.65,,32,,,,,419,2153,5.1,27,78,675,8.7,4,3,28
2023,Keaton Mitchell,East Carolina,RB,68,179,9.25,30.75,,4.37,,38,126,,,,463,3027,6.5,25,60,580,9.7,3,3,33
2023,Camerun Peoples,Appalachian State,RB,73,217,9.75,32.625,,4.61,,37,121,,,,455,2830,6.2,33,11,77,7,0,5,36
2023,Deneric Prince,Tulsa,RB,72,216,9.25,31.25,,4.41,,35.5,124,,,,316,1749,5.5,14,17,162,9.5,1,4,27
2023,Bijan Robinson,Texas,RB,71,215,9.75,31.125,,4.46,,37,124,,,,539,3410,6.3,33,60,805,13.4,8,3,31
2023,Chris Rodriguez Jr.,Kentucky,RB,72,217,8.625,30.625,,,,,,,,,592,3643,6.2,33,20,116,5.8,3,5,44
2023,Tyjae Spears,Tulane,RB,70,201,10,30.75,,,,39,125,,,,427,2910,6.8,31,48,564,11.8,3,4,34
2023,Tavion Thomas,Utah,RB,72,237,9.25,31.125,,4.74,,30,118,,,,475,2484,5.2,35,10,50,5,0,4,35
2023,SaRodorick Thompson,Texas Tech,RB,71.5,207,9,31.625,,4.67,,32.5,120,4.7,7.25,,540,2664,4.9,40,91,526,5.8,1,5,50
2023,Sean Tucker,Syracuse,RB,69,207,9.5,30,,,,,,,,,589,3182,5.4,27,64,622,9.7,4,3,33
2023,Deuce Vaughn,Kansas State,RB,65,179,9.5,27.75,,,,35.5,116,,,,651,3604,5.5,34,116,1280,11,9,3,37
2024,Jonathon Brooks,Texas,RB,72,216,9.25,31.5,,,,,,,,,238,1479,6.2,16,28,335,12,2,3,22
2024,Trey Benson,Florida State,RB,72.38,216,9.25,31.5,,4.39,,33.5,122,,,,316,1918,6.1,24,33,371,11.2,1,3,36
2024,Blake Corum,Michigan,RB,67.63,205,9,28.88,,4.53,27,35.5,,,,,675,3737,5.5,58,56,411,7.3,3,4,45
2024,Bucky Irving,Oregon,RB,69.13,192,9.5,29.5,,4.55,,29.5,115,,,,475,2937,6.2,20,95,785,8.3,5,3,39
2024,Audric Estime,Notre Dame,RB,71.25,221,10.25,32.38,,4.71,23,38,125,,,,373,2321,6.2,29,26,277,10.7,1,3,37
2024,Ray Davis,Kentucky,RB,68.38,211,8.88,30.25,,4.52,,35,119,,,,746,3626,4.9,29,94,762,8.1,12,5,44
2024,Marshawn Lloyd,USC,RB,69.13,220,8.75,30.38,,4.46,25,36,118,,,,291,1621,5.6,19,34,452,13.2,2,3,32
2024,Jaylen Wright,Tennessee,RB,70.63,210,9.38,31.5,,4.38,,38,134,,,,368,2297,6.2,18,30,171,5.7,0,3,34
2024,Will Shipley,Clemson,RB,71.25,206,9.63,30.25,,,,,,,,,526,2748,5.2,31,85,602,7.1,2,3,36
2024,Braelon Allen,Wisconsin,RB,73,235,9.25,31.25,,4.61,,33.5,116,,,,597,3494,5.9,35,49,275,5.6,0,3,35
2024,Tyrone Tracy,Purdue,RB,70.88,209,9.13,31.75,,4.48,,40,124,,,,1146,947,6.5,10,113,1201,10.6,5,6,61
2024,Dylan Laube,New Hampshire,RB,69.75,206,9.25,29.38,,4.54,23,37,118,,,,556,2773,4.98,29,171,1791,10.5,14,6,46
2024,Kimani Vidal,Troy,RB,67.63,213,9.38,30.38,,4.46,18,37.5,120,,,,781,4010,5.1,33,92,700,7.6,1,4,48
2024,Cody Schrader,Missouri,RB,68.63,202,9.13,28.13,,4.61,,33,,,,,446,2372,5.3,23,41,328,8,0,2,26
2024,Frank Gore Jr.,Southern Mississippi,RB,67.75,201,8.25,29.63,,,12,,,,,,759,4022,5.3,26,75,692,9.2,4,4,47
2024,Jase McClellan,Alabama,RB,69.75,221,10.25,31.13,,,20,,,,,,355,1981,5.6,18,40,409,10.2,6,4,43
2024,Miyan Williams,Ohio State,RB,68.63,229,9,28.63,,,,,,,,,258,1555,6,20,18,143,7.9,0,4,31
2024,Isaiah Davis,South Dakota St.,RB,71.75,218,10.25,31.13,,4.57,23,34.5,119,,,,676,4548,6.7,50,53,487,9.2,1,4,46
2024,Rasheen Ali,Marshall,RB,71.38,206,8.63,31.25,,,,,,,,,514,2831,5.5,39,75,557,7.4,3,4,34
2024,Jawhar Jordan,Louisville,RB,69.63,193,8.5,30.13,,4.56,,,,,,,381,2214,5.8,18,39,476,12.2,1,5,38
2024,Emani Bailey,TCU,RB,67.38,202,9.75,29.88,,4.61,,33.5,122,,,,366,2161,5.9,18,47,380,8.1,1,4,42
2024,Daijun Edwards,Georgia,RB,69.75,207,9.5,29.75,,,,,114,,,,391,2082,5.3,24,37,343,9.3,0,4,51
2024,Isaac Guerendo,Louisville,RB,71.75,221,9.25,30.75,,4.33,,41.5,129,,,,231,1392,6,17,42,358,8.5,1,5,37
2024,Dillon Johnson,Washington,RB,71.75,217,9.38,30,,4.68,,31.5,117,,,,462,2393,5.2,27,173,1054,6.1,1,4,49
2024,Kendall Milton,Georgia,RB,73.63,225,9.63,31.75,,4.62,18,35.5,124,,,,297,1839,6.2,23,12,116,9.7,1,4,41
2024,Keilan Robinson,Texas,RB,68.38,191,9.63,30.63,,4.42,,33,125,,,,121,796,6.6,8,35,332,9.5,3,4,45
2024,Jaden Shirden,Monmouth,RB,67.5,187,9.25,28.75,,4.45,,34.5,117,,,,504,3697,7.3,26,25,158,6.3,1,3,33
2024,Michael Wiley,Arizona,RB,70.63,210,9.25,30,,4.51,,33.5,119,,,,336,1712,5.1,16,123,1150,9.3,12,5,49
2024,George Holani,Boise State,RB,70.25,208,9.75,29.75,,4.52,24,39,127,,,,685,3596,5.2,26,88,777,8.8,8,5,48
2018,Sony Michel,Georgia,RB,70.63,214,9.13,31.25,,4.54,,,,4.21,,,590,3613,6.1,33,64,621,9.7,6,4,47
2018,Derrius Guice,LSU,RB,70.5,224,9.75,30.75,,4.49,,31.5,,,,,471,3074,6.5,29,32,250,7.8,3,3,35
2018,Ronald Jones II,USC,RB,71,205,8.75,31.13,,4.65,,36.5,,,,,591,3619,6.1,39,32,302,9.4,3,3,40
2018,Kerryon Johnson,Auburn,RB,71.5,213,9.75,32.5,,,,40,126,4.29,7.07,,519,2494,4.8,32,55,478,8.7,2,3,36
2018,Rashaad Penny,San Diego State,RB,71,220,9.25,31.25,,4.46,,32.5,120,,,,488,3656,7.5,38,42,479,11.4,6,4,51
2018,Kalen Ballage,Arizona State,RB,73.5,228,9.5,32.75,,4.46,,33.5,122,4.35,6.91,,450,1984,4.4,27,82,684,8.3,2,4,46
2018,Nyheim Hines,North Carolina St.,RB,68.38,198,8.88,30.75,,4.38,,35.5,,4.35,7.18,,258,1400,5.4,13,89,933,10.5,1,3,38
2018,Mark Walton,Miami,RB,69.63,202,9.25,30,,4.6,,31.5,118,,,,395,2006,5.1,26,56,624,11.1,2,3,31
2018,Jaylen Samuels,North Carolina St.,TE,71.5,225,9.5,31.25,,4.54,,34.5,121,4.28,6.93,,182,1107,6.1,28,201,1851,9.2,19,4,50
2018,Akrum Wadley,Iowa,RB,69.88,194,8.25,29.5,,4.54,,32,,,,,536,2872,5.4,28,71,761,10.7,7,4,39
2018,Royce Freeman,Oregon,RB,71.5,229,9.5,32,,4.54,,34,118,4.16,6.9,,947,5621,5.9,60,79,814,10.3,4,4,51
2018,Josh Adams,Notre Dame,RB,73.63,213,9.25,33.75,,,,,,,,,480,3201,6.7,20,41,336,8.2,2,3,37
2018,Kyle Hicks,TCU,RB,69.63,204,9.5,32.5,,4.63,,36.5,122,,,,444,2101,4.7,19,102,930,9.1,4,4,47
2018,John Kelly,Tennessee,RB,69.88,216,9.38,31.38,,,,35,120,4.51,7.13,,327,1573,4.8,15,43,350,8.1,0,3,29
2018,Chase Edmonds,Fordham,RB,69.13,205,9.13,31.13,,4.55,,34,122,4.07,6.79,,938,5862,6.2,67,86,905,10.5,7,4,44
2018,Roc Thomas,Jacksonville State,RB,70.13,198,9.25,31.63,,4.56,,35.5,125,,,,305,1847,6.1,20,37,417,11.3,1,2,21
2018,Justin Jackson,Northwestern,RB,71.63,199,9.25,30.63,,4.52,,38.5,122,4.07,6.81,,1142,5440,4.8,41,122,858,7,1,4,51
2018,Ralph Webb,Vanderbilt,RB,69.25,202,9.25,30.25,,4.49,,36,122,4.15,7.13,,931,4178,4.5,32,68,572,8.4,3,4,49
2018,Ito Smith,Southern Mississippi,RB,68.63,200,9.38,28.88,,4.45,,36.5,119,4.56,7.22,,436,2587,5.9,27,92,974,10.6,5,2,27
2018,Lavon Coleman,Washington,RB,70.75,215,9.25,30.5,,4.65,,33,120,4.35,7.16,,374,2000,5.3,12,31,252,8.1,3,4,46
2018,Darrel Williams,LSU,RB,71.63,225,9.38,31,,4.72,,32,109,4.21,7.2,,321,1651,5.1,19,38,462,12.2,0,4,44
2018,Bo Scarbrough,Alabama,RB,73.38,228,10.5,33.5,,4.52,,40,129,4.34,,,267,1512,5.7,20,21,131,6.2,0,3,31
2018,D'Ernest Johnson,South Florida,RB,70.63,200,9.63,31,,4.81,,30.5,117,4.34,7.23,,421,1796,4.3,16,72,899,12.5,12,4,49
2018,Phillip Lindsay,Colorado,RB,67.25,184,8.63,30.88,,4.39,,35.5,124,4.31,7.12,,765,3775,4.9,36,117,1084,9.3,3,4,41
2018,Justin Crawford,West Virginia,RB,71.38,199,9.13,32,,4.64,,33.5,122,4.44,7.08,,354,2244,6.3,11,22,106,4.8,1,2,25
2018,Jarvion Franklin,Western Michigan,RB,71.5,239,9.25,31.25,,4.63,,30,109,4.31,6.93,,942,4867,5.2,52,61,670,11,4,4,52
2018,Kamryn Pettway,Auburn,RB,71.75,233,9.5,31.25,,4.74,,33.5,116,,,,285,1529,5.4,13,6,58,9.7,0,3,15
2018,Jeffery Wilson,North Texas,RB,71.88,208,9.25,31.5,,4.57,,35,110,4.29,7.2,,561,3204,5.7,32,70,527,7.5,2,4,41
2018,Nick Wilson,Arizona,RB,69.63,199,9.75,29.88,,4.59,,29.5,111,4.26,7.22,,552,3045,5.5,33,19,159,8.4,1,4,38
2017,Christopher Carson,Oklahoma State,RB,72.25,218,9.63,33.25,,4.58,,37,130,4.28,7.53,,213,1076,5.1,13,30,298,9.9,1,2,21
2017,Devin Church,Eastern Illinois,RB,67,198,8.63,30.63,,4.55,,35,115,4.17,6.6,,364,1809,5,16,77,640,8.3,8,2,23
2017,Corey Clement,Wisconsin,RB,70.25,220,9.75,30.5,,4.68,,28.5,115,4.53,6.71,,576,3092,5.4,36,29,279,9.6,2,4,39
2017,James Conner,Pittsburgh,RB,73.25,233,9.88,31.25,,4.65,,29,113,4.4,7.14,,668,3733,5.6,52,30,412,13.7,4,4,39
2017,Justin Davis,Southern California,RB,72.63,208,9.63,31,,,,30,115,4.32,6.75,,461,2465,5.3,19,46,400,8.7,2,4,43
2017,Matt Dayes,North Carolina State,RB,68.63,205,10.5,30,,4.66,,28,109,4.51,7.26,,550,2856,5.2,34,98,937,9.6,6,4,45
2017,Brionte Dunn,Ohio State,RB,72,214,9.5,31.5,,4.49,,38,126,4.26,6.71,,49,291,5.9,3,1,0,0,0,3,26
2017,Trey Edmunds,Maryland,RB,72.63,223,9.38,32.38,,4.48,,35.5,122,,7.25,,260,1115,4.3,14,21,172,8.2,2,4,32
2017,Tarean Folston,Notre Dame,RB,69.25,214,9.5,30.38,,4.76,,33.5,115,4.2,6.93,,343,1712,5,11,31,291,9.2,1,4,33
2017,D'Onta Foreman,Texas,RB,72.25,233,10.13,31.38,,4.46,,33,120,4.28,7.21,,431,2774,6.4,20,13,146,11.2,0,3,27
2017,Leonard Fournette,Louisiana State,RB,72.13,240,9.25,31.63,,4.51,,28.5,,,,,616,3830,6.2,40,41,526,12.8,1,3,32
2017,King Frazier,North Dakota State,RB,71,213,9,31,,4.67,,32,112,4.33,7.13,,513,2653,5.2,26,17,198,11.6,1,3,44
2017,Wayne Gallman,Clemson,RB,72.25,215,9.13,32.63,,4.6,,29.5,120,4.28,7.17,,675,3416,5.1,34,66,486,7.4,2,3,36
2017,Derrick Green,Texas Christian,RB,70.25,220,9,31,,4.76,,29.5,111,4.4,7.12,,250,1039,4.2,9,3,33,11,0,4,33
2017,DeAngelo Henderson,Coastal Carolina,RB,67.5,208,9.5,29,,4.48,,34,120,4.57,7.26,,721,4635,6.4,58,87,921,9.5,6,4,50
2017,Brian Hill,Wyoming,RB,72.63,219,8.88,31.38,,4.54,,34,125,4.32,7.03,,775,4287,5.5,35,41,403,9.8,0,3,37
2017,Elijah Hood,North Carolina,RB,71.75,232,9.38,30.38,,4.57,,31.5,113,4.34,7.12,,430,2580,6,29,40,211,5.3,0,3,33
2017,Kareem Hunt,Toledo,RB,70.5,216,9.63,31.38,,4.62,,36.5,119,4.53,7.22,,782,4945,6.3,44,73,555,7.6,1,4,44
2017,Jordan Johnson,Buffalo,RB,72.75,223,9,30.38,,4.65,,35.5,121,4.59,7.44,,446,2212,5,19,21,191,9.1,1,4,33
2017,Jojo Kemp,Kentucky,RB,69.5,204,8.5,30,,4.67,,36.5,121,4.53,7.48,,338,1709,5.1,19,18,85,4.7,0,4,45
2017,TJ Logan,North Carolina,RB,69.13,196,9,32,,4.37,,33.5,121,4.43,6.61,,398,2165,5.4,19,76,663,8.7,4,4,49
2017,ITavius Mathers,Middle Tennessee State,RB,70.88,203,9,31,,4.46,,32,122,4.36,7.17,,421,2618,6.2,24,84,774,9.2,3,4,50
2017,Devante Mays,Utah State,RB,70.38,230,8.63,31.75,,4.52,,40.5,129,4.53,7.43,,202,1225,6.1,12,2,17,8.5,0,2,18
2017,Elijah McGuire,Louisiana-Lafayette,RB,69.75,214,9,31,,4.53,,36,120,4.56,7.26,,710,4301,6.1,42,130,1394,10.7,10,4,51
2017,Jeremy McNichols,Boise State,RB,68.63,214,10,31.5,,4.49,,35.5,121,4.28,6.93,,571,3205,5.6,44,103,1089,10.6,11,3,33
2017,Joe Mixon,Oklahoma,RB,72.75,226,10.25,30.13,,4.45,,35,118,4.27,7.1,,300,2027,6.8,17,65,894,13.8,9,2,25
2017,Taquan Mizzell,Virginia,RB,69.75,197,9,31,,4.55,,34,114,4.25,7,,460,2068,4.5,12,195,1560,8,7,4,46
2017,Khalfani Muhammad,California,RB,67.13,170,9.25,28.88,,4.38,,38.5,126,4.27,6.74,,359,2073,5.8,11,55,571,10.4,3,4,44
2017,Terrell Newby,Nebraska,RB,69.38,204,9.13,30.5,,4.53,,35,113,4.22,6.87,,458,2239,4.9,20,53,354,6.7,2,4,51
2017,Samaje Perine,Oklahoma,RB,70.63,233,10,30.38,,4.65,,33,116,4.37,7.26,,685,4122,6,49,40,321,8,2,3,36
2017,Donnel Pumphrey,San Diego State,RB,68.25,176,8.5,29,,4.48,,33.5,117,4.46,,,1059,6405,6,62,99,1039,10.5,5,4,54
2017,Brandon Radcliff,Louisville,RB,69,206,9.25,29.25,,4.55,,29.5,117,4.38,7.68,,438,2365,5.4,26,20,199,10,1,4,45
2017,Devine Redding,Indiana,RB,68.25,205,9.63,29.25,,4.76,,30.5,116,4.46,7.18,,508,2252,4.4,17,40,245,6.1,2,3,33
2017,Alex Ross,Missouri,RB,72.63,205,8.88,32.13,,4.62,,35.5,122,4.48,7.12,,147,857,5.8,5,12,69,5.8,0,4,39
2017,Rushel Shell,West Virginia,RB,69.63,227,9.63,30,,4.74,,32.5,,4.08,7.09,,591,2651,4.5,24,58,444,7.7,0,4,47
2017,De'Veon Smith,Michigan,RB,70.88,223,9,29.5,,4.85,,29,108,4.56,7.3,,495,2235,4.5,22,38,251,6.6,1,4,41
2017,Jahad Thomas,Temple,RB,69.63,190,9,30.13,,4.62,,32,116,4.52,7.26,,563,2599,4.6,30,69,998,14.5,8,3,38
2017,Anthony Wales,Western Kentucky,RB,68.88,197,8.25,30.13,,4.51,,37.5,112,4.23,6.83,,490,3337,6.8,43,73,673,9.2,4,4,44
2017,Jamaal Williams,Brigham Young,RB,72,212,10,31.25,,4.59,,30,123,4.53,7.25,,726,3901,5.4,35,60,567,9.5,1,4,43
2017,Joe Williams,Utah,RB,70.75,210,9.38,30.75,,4.41,,35,125,4.19,7.19,,314,1884,6,13,20,191,9.6,0,2,19
2017,Boom Williams,Kentucky,RB,67.13,190,8.63,30,,4.43,,36,121,4.18,6.86,,367,2513,6.8,18,38,292,7.7,2,3,33
2017,Joseph Yearby,Miami (FL),RB,68.75,185,8.63,29.63,,4.67,,31,107,4.35,7.35,,393,2119,5.4,14,41,456,11.1,3,3,38
2016,Peyton Barber,Auburn,RB,70,228,9.38,30.25,,4.64,,32.5,111,4.21,7,,248,1071,4.3,13,11,112,10.2,0,2,18
2016,Zac Brooks,Clemson,RB,71.88,199,8.75,31.5,,4.49,,36,129,4.38,7.09,,116,607,5.2,5,17,197,11.6,3,3,31
2016,Tra Carson,Texas A&M,RB,71.25,227,9.25,31.5,,4.64,,37,115,4.27,7.1,,473,2329,4.9,20,42,305,7.3,1,4,46
2016,JC Coleman,Virginia Tech,RB,66,189,9.25,29.75,,4.55,,37,117,4.27,7.02,,348,1519,4.4,7,38,231,6.1,1,4,47
2016,Alex Collins,Arkansas,RB,70,217,9.25,30.25,,4.59,,28.5,113,,,,665,3703,5.6,36,27,167,6.2,0,3,38
2016,Marshaun Coprich,Illinois State,RB,68,207,9,29.63,,4.47,,34,112,4.58,7.26,,542,3408,6.3,39,21,141,6.7,0,2,22
2016,Kenneth Dixon,Louisiana Tech,RB,70.13,215,9.5,31.38,,4.56,,37.5,121,4.28,6.97,,802,4483,5.6,72,87,969,11.1,15,4,47
2016,Kenyan Drake,Alabama,RB,72.63,210,9.75,31.75,,4.45,,34.5,123,4.21,7.04,,233,1495,6.4,18,46,570,12.4,4,4,41
2016,Tyler Ervin,San Jose State,RB,69.88,192,9.13,29.75,,4.41,,39,130,4.34,7.03,,528,2803,5.3,19,87,783,9,4,5,47
2016,Josh Ferguson,Illinois,RB,69.5,198,9,30,,4.48,,34.5,120,,,,505,2586,5.1,18,168,1507,9,8,5,49
2016,Johnathan Gray,Texas,RB,69.63,215,9.25,30.75,,,,,,,,,577,2610,4.5,17,52,418,8,1,4,47
2016,Aaron Green,Texas Christian,RB,70.88,203,8.38,31.125,,4.56,,32.5,120,4.04,6.81,,469,2531,5.4,22,40,332,8.3,5,4,48
2016,Glenn Gronkowski,Kansas State,RB,74.13,239,9.5,30.75,,4.71,,33,120,4.45,7.1,,16,51,3.2,1,15,369,24.6,5,3,23
2016,Russell Hansbrough,Missouri,RB,67.88,192,8.5,28.125,,4.63,,30.5,114,4.56,7.43,,467,2344,5,15,30,128,4.3,0,4,48
2016,Quayvon Hicks,Georgia,RB,72.88,259,9.63,31.25,,,,,,,,,23,166,7.2,3,12,132,11,0,3,20
2016,Jordan Howard,Indiana,RB,71.88,230,9,32.25,,4.59,,34,122,4.34,7.14,,647,3681,5.7,24,24,261,10.9,3,3,34
2016,Darius Jackson,Eastern Michigan,RB,72,220,8.63,31.625,,4.4,,41,133,4.29,6.87,,321,1596,5,17,44,375,8.5,4,4,43
2016,Andy Janovich,Nebraska,RB,73,238,9.75,31.63,,4.81,,34,119,4.32,7.28,,45,271,6,3,5,87,17.4,0,4,36
2016,Brandon Johnson,Penn State,RB,74,228,9.5,32.375,,4.43,,39.5,127,4.12,6.84,,4,23,5.8,0,0,0,0,0,1,2
2016,Devon Johnson,Marshall (WV),RB,72.5,238,9.25,31.25,,4.61,,33,113,4.6,7.09,,305,2373,7.8,25,27,423,15.7,6,4,43
2016,Daniel Lasco,California,RB,72.25,209,9.13,32,,4.46,,41.5,135,4.26,7.22,,348,1872,5.4,18,48,458,9.5,2,4,41
2016,Tre Madden,Southern California,RB,72.25,223,9.38,29.75,,4.56,,33.5,120,4.38,7.09,,223,1155,5.2,8,32,334,10.4,5,3,32
2016,Keith Marshall,Georgia,RB,71.38,219,9.38,31.63,,4.31,,30.5,,4.25,6.98,,253,1379,5.5,12,24,225,9.4,3,4,33
2016,Paul Perkins,UCLA,RB,70.38,208,9,31.63,,4.54,,32,124,,,,621,3488,5.6,29,80,739,9.2,3,3,39
2016,Christian Powell,Colorado,RB,71.25,229,8.88,32.5,,4.68,,34.5,116,4.38,7.21,,461,2040,4.4,18,33,229,6.9,0,4,44
2016,Shaquille Powell,Duke,RB,69.13,210,9,29.75,,4.63,,31.5,116,4.23,7.07,,348,1593,4.6,7,62,460,7.4,4,4,51
2016,Jhurell Pressley,New Mexico,RB,70.13,206,9.25,32,,4.4,,33.5,117,4.15,7.01,,394,2725,6.9,35,18,220,12.2,1,4,49
2016,C.J. Prosise,Notre Dame,RB,72.5,220,8.5,32.13,,4.48,,35.5,121,4.42,7.19,,167,1155,6.9,12,62,896,14.5,3,3,34
2016,Keenan Reynolds,Navy,RB,69.5,190,8.63,30.25,,4.57,,37,120,,,,977,4559,4.7,88,1,47,47,0,4,50
2016,Wendell Smallwood,West Virginia,RB,70.5,208,9.25,30.5,,4.47,,33.5,120,4.28,6.83,,425,2462,5.8,12,68,618,9.1,0,3,38
2016,Kelvin Taylor,Florida,RB,70.25,207,8.25,29.25,,4.6,,32,113,4.56,7.23,,486,2108,4.3,23,24,179,7.5,0,3,35
2016,Shadrach Thornton,North Carolina State,RB,71.63,217,9.75,30,,4.75,,31,116,4.21,6.85,,513,2572,5,19,61,504,8.3,2,4,36
2016,Soma Vainuku,Southern California,RB,71.5,246,9.5,32.75,,4.68,,32,108,4.46,7.2,,24,148,6.2,3,17,124,7.3,1,4,44
2016,Jaylen Walton,Mississippi,RB,68,176,8.5,27.375,,4.52,,34.5,114,4.3,7.05,,384,1957,5.1,17,74,749,10.1,5,4,51
2016,DeAndre Washington,Texas Tech,RB,68.25,204,9,30,,4.49,,34.5,116,4.2,7.03,,605,3411,5.6,23,124,1091,8.8,4,4,49
2016,Dwayne Washington,Washington,RB,73,223,9.88,32.375,,4.48,,37.5,127,4.22,6.85,,226,1311,5.8,17,41,411,10,4,3,31
2016,Brandon Wilds,South Carolina,RB,72.75,220,10.25,32,,4.54,,36.5,118,4.33,7.08,,379,1844,4.9,13,59,540,9.2,3,4,41
2016,Jonathan Williams,Arkansas,RB,70.75,220,10,31.63,,4.63,,,,4.29,6.97,,406,2321,5.7,16,26,345,13.3,6,3,36
2016,Rodrick Williams,Minnesota,RB,69.13,224,9.38,30.5,,4.7,,35,112,4.41,7.21,,173,815,4.7,9,11,113,10.3,0,4,35
2015,Akeem Hunt,Purdue,RB,69.75,189,9.75,31.125,,4.38,14,37.5,122,4.07,6.71,,371,2035,5.5,11,100,841,8.4,6,4,49
2015,Alonzo Harris,Louisiana-Lafayette,RB,73,243,10.13,33.5,,4.56,15,36,127,4.51,7.18,,704,3330,4.4,44,29,234,8.1,1,4,49
2015,Ameer Abdullah,Nebraska,RB,68.75,205,8.63,30,,4.6,24,42.5,130,3.95,6.79,11.18,813,4588,5.6,39,73,690,9.5,7,4,53
2015,B.J. Catalon,Texas Christian,RB,67.38,186,9,30,,4.57,20,36,114,4.15,6.9,,328,1644,5,16,48,393,8.2,2,3,32
2015,Bill Belton,Penn State,RB,68.88,204,9,30.5,,4.55,15,35.5,122,4.43,7.19,,355,1652,4.7,14,51,409,8,4,4,40
2015,Braylon Heard,Kentucky,RB,69.63,198,9,30.25,,4.63,19,30.5,116,4.4,7.19,,149,828,5.6,8,25,127,5.1,0,3,30
2015,Cameron Artis-Payne,Auburn,RB,69.75,212,8.88,29.63,,4.53,,36.5,118,4.25,7.13,,394,2218,5.6,19,14,151,10.8,0,2,26
2015,Corey Grant,Auburn,RB,68.88,201,8.25,30.875,,4.28,22,37,127,4.08,7,,135,1040,7.7,9,14,100,7.1,1,3,32
2015,David Cobb,Minnesota,RB,70.88,229,9.38,31.63,,4.59,17,38.5,121,4.55,7.01,,563,2896,5.1,20,34,339,10,0,4,37
2015,David Johnson,Northern Iowa,RB,72.63,224,9.63,31.25,,4.5,25,41.5,127,4.27,6.82,,866,4687,5.4,49,141,1734,12.3,14,4,49
2015,Dee Hart,Colorado State,RB,67.5,199,9,29.75,,4.8,,33,113,4.38,7.2,,237,1441,6.1,17,20,207,10.4,2,3,26
2015,Dominique Brown,Louisville,RB,73.88,234,9.5,32.38,,4.62,17,32.5,109,4.2,7.09,,419,1795,4.3,16,50,443,8.9,2,4,43
2015,Dreamius Smith,West Virginia,RB,70.63,217,9.25,30.625,,4.59,21,35,124,4.05,6.9,,183,945,5.2,10,13,52,4,0,2,25
2015,Duke Johnson,Miami (FL),RB,69.13,207,9.25,30.38,,4.54,18,33.5,121,4.16,6.88,,526,3519,6.7,26,69,719,10.4,4,3,33
2015,Jahwan Edwards,Ball State (IN),RB,69.5,220,8.88,31.63,,4.8,16,35.5,117,4.5,7.63,12.4,884,4558,5.2,51,57,361,6.3,0,4,48
2015,Javorius Allen,Southern California,RB,72.5,221,9.38,31.75,12,4.53,11,35.5,121,4.28,6.96,,417,2306,5.5,25,63,710,11.3,2,3,29
2015,Jawon Chisholm,Akron,RB,72.75,202,9.13,31.625,,4.63,19,38,130,4.4,7.01,,701,3403,4.9,26,85,682,8,3,4,46
2015,Jay Ajayi,Boise State,RB,71.75,221,10,32,24,4.57,19,39,121,4.1,7.1,11.1,678,3796,5.6,50,73,771,10.6,5,3,38
2015,Jeremy Langford,Michigan State,RB,71.63,208,8.75,31.5,,4.42,19,34.5,118,4.32,7.22,,577,2967,5.1,40,39,219,5.6,1,4,49
2015,Jesse Callier,Washington,RB,70.25,202,9.13,30.25,,4.53,18,32.5,114,4.45,7.24,,191,997,5.2,5,36,224,6.2,0,5,51
2015,Joe Bergeron,Texas,RB,72.13,235,10.38,32.125,,4.62,17,31,110,4.34,7.25,,272,1392,5.1,25,21,200,9.5,0,3,37
2015,Joe Hill,Utah State,RB,70.38,183,9.5,31.125,,4.3,9,34.5,116,4.59,7.25,,221,1052,4.8,13,32,451,14.1,4,4,37
2015,Jordon James,UCLA,RB,68.5,194,8.38,30.375,,4.43,18,34.5,131,4.39,7.24,,239,1042,4.4,9,55,467,8.5,1,4,48
2015,Josh Robinson,Mississippi State,RB,67.88,217,10.13,29.75,,4.7,21,32,113,4.58,7.24,,323,1997,6.2,15,43,493,11.5,1,3,38
2015,Karlos Williams,Florida State,RB,72.75,230,9.75,33,,4.48,16,33.5,117,4.46,7.16,,241,1419,5.9,22,37,328,8.9,1,2,26
2015,Kenny Hilliard,Louisiana State,RB,71.63,226,9.25,31.25,,4.83,16,27,111,4.4,7.17,,302,1557,5.2,27,11,69,6.3,1,4,48
2015,Kenny Williams,Texas Tech,RB,69.38,225,9.38,31.25,,4.58,25,36,119,4.34,6.9,,322,1534,4.8,16,60,631,10.5,4,4,48
2015,Kevin Parks,Virginia,RB,66.75,201,8.75,28,,4.53,21,39.5,112,4.59,7.31,,728,3219,4.4,29,103,779,7.6,4,4,48
2015,Lyle McCombs,Rhode Island,RB,67.75,171,,,,4.57,,37.5,131,4.33,,,677,2681,4,18,63,477,7.6,3,3,35
2015,Malcolm Brown,Texas,RB,71.38,224,10.25,32.75,,4.62,19,34.5,117,4.15,6.86,11.32,630,2678,4.3,24,51,382,7.5,3,4,44
2015,Marcus Murphy,Missouri,RB,68.63,193,8.63,31,,4.61,11,29,109,4.4,7.13,,337,1957,5.8,16,50,318,6.4,2,4,52
2015,Marlin Lane,Tennessee,RB,71.63,210,9,31.25,,4.59,,35,114,4.2,7.12,,382,1772,4.6,9,66,517,7.8,2,4,47
2015,Matt Jones,Florida,RB,74.38,231,8.63,32,,4.61,20,31.5,112,4.2,6.84,,297,1431,4.8,11,19,100,5.3,1,3,28
2015,Melvin Gordon,Wisconsin,RB,72.63,215,9.75,32.38,20,4.52,19,35,126,4.07,7.04,11,631,4915,7.8,45,22,228,10.4,4,4,45
2015,Michael Dyer,Louisville,RB,68.5,218,9.5,30.63,,4.58,26,34,120,,,,578,3039,5.3,22,8,64,8,0,4,41
2015,Mike Davis,South Carolina,RB,69.13,217,9.38,30.25,,4.61,17,34,116,4.18,7,11.65,454,2440,5.4,22,70,755,10.8,2,3,37
2015,Nick Hill,Michigan State,RB,65.75,197,8.75,27.875,,4.4,21,32,115,4.21,7.07,,225,1129,5,11,7,70,10,0,5,51
2015,Prince-Tyson Gulley,Syracuse,RB,68,194,8.38,28.25,,4.63,12,32,118,4.39,7.34,,399,2062,5.2,15,74,482,6.5,3,5,50
2015,Raheem Mostert,Purdue,RB,70.38,190,9.13,30.875,,4.34,20,40,132,4.3,6.9,,136,759,5.6,6,19,122,6.4,0,4,43
2015,Synjyn Days,Georgia Tech,RB,72.63,232,9.38,33.375,,4.67,22,31,116,4.31,6.99,,255,1396,5.5,18,7,81,11.6,1,4,45
2015,T.J. Yeldon,Alabama,RB,73.25,226,9,31.63,,4.61,22,36,117,4.22,7.19,,576,3322,5.8,37,46,494,10.7,2,3,39
2015,Terrence Magee,Louisiana State,RB,68.5,213,9,30,,4.57,22,37,115,4.37,7.52,,226,1330,5.9,12,24,227,9.5,0,4,40
2015,Terris Jones-Grigsby,Arizona,RB,66.88,198,8.5,27.75,,4.56,21,36,117,4.46,7.04,,121,567,4.7,3,15,187,12.5,0,2,15
2015,Terron Ward,Oregon State,RB,65.88,197,8.88,28,,4.49,20,29.5,107,4.29,7.2,,377,1843,4.9,22,87,664,7.6,3,4,48
2015,Tevin Coleman,Indiana,RB,71.38,206,8.63,32,,4.59,22,,,,,,452,3219,7.1,28,54,383,7.1,0,3,33
2015,Thomas Rawls,Central Michigan,RB,69,215,9.5,30.75,,4.65,15,35.5,116,4.37,7.1,,283,1436,5.1,15,11,99,9,0,4,28
2015,Todd Gurley,Georgia,RB,72.63,222,10,31.5,12,4.52,17,,,,,,510,3285,6.4,36,65,615,9.5,6,3,30
2015,Tony Creecy,North Carolina State,RB,70.38,215,8.5,31.125,,4.56,19,33,122,4.35,6.95,,324,1265,"3,9",9,75,428,5.7,6,4,45
2015,Trey Williams,Texas A&M,RB,67.5,195,8.25,29.88,,4.49,18,33.5,119,4.12,6.84,11.45,204,1343,6.6,18,38,30,8.7,1,3,36
2014,Antonio Andrews,Western Kentucky,RB,70.13,225,9.5,31.25,,4.82,20,29.5,104,4.49,7.24,,618,3674,5.9,29,85,963,11.3,3,4,42
2014,George Atkinson,Notre Dame,RB,73.38,218,9.38,33.25,,4.48,19,38,128,4.46,7.07,11.5,153,943,6.2,10,10,65,6.5,0,3,37
2014,Kapri Bibbs,Colorado State,RB,69.38,212,8.5,31.38,,4.67,24,29,104,4.61,7.5,,281,1741,6.2,31,8,59,7.4,0,1,14
2014,Alfred Blue,Louisiana State,RB,74.38,223,9.88,32.38,,4.63,13,32,121,4.5,7.15,,209,1253,6,11,16,105,6.6,0,4,41
2014,KaDeem Carey,Arizona,RB,69.38,207,9.5,31.75,,4.7,19,32.5,114,4.38,7.08,,743,4239,5.7,48,77,679,8.4,4,3,36
2014,Tim Cornett,Nevada Las Vegas,RB,72.25,209,9.25,31,,4.48,15,34.5,124,4.26,7.01,11.72,769,3733,4.9,35,67,424,6.3,2,4,50
2014,Isaiah Crowell,Alabama State,RB,71,224,9.25,31.38,,4.57,23,38,116,4.56,7.28,,297,1716,5.8,28,16,113,7.1,0,2,21
2014,David Fluellen,Toledo,RB,71.13,224,9.13,33.38,,4.72,16,36.5,120,4.21,6.9,,561,3336,5.9,28,80,662,8.3,2,4,43
2014,Devonta Freeman,Florida State,RB,68.25,206,9.63,29.38,,4.58,14,31.5,116,4.26,7.11,,404,2255,5.6,30,47,475,10.1,1,3,40
2014,Tyler Gaffney,Stanford,RB,71.5,220,9,30.25,,4.49,15,36.5,115,4.18,6.78,11.36,486,2500,5.1,33,32,264,8.3,4,4,49
2014,Marion Grice,Arizona State,RB,72,208,9.25,32,,4.67,14,32,115,4.41,7.06,,294,1675,5.7,25,91,863,9.5,14,2,24
2014,Josh Harris,Wake Forest,RB,69.88,206,9,30.5,,4.46,28,35.5,119,4.21,7,,489,2230,4.6,19,47,304,6.5,0,4,43
2014,Jeremy Hill,Louisiana State,RB,72.63,233,10.38,32.63,,4.56,20,29,112,4.59,7.64,,345,2156,6.2,28,26,254,9.8,0,2,24
2014,Carlos Hyde,Ohio State,RB,71.88,230,9.63,32,9,4.62,19,34.5,113,,,,523,3198,6.1,37,34,271,8,4,4,41
2014,Storm Johnson,Central Florida,RB,71.63,209,9.5,32,,4.6,16,35.5,116,,,,335,1765,5.3,19,41,289,7,3,3,36
2014,Henry Josey,Missouri,RB,68.13,194,9.5,30.25,,4.43,20,34.5,116,4.13,7.07,11.67,395,2771,7,39,24,175,7.3,1,3,37
2014,Tre Mason,Auburn,RB,68.5,207,9,30,,4.5,,38.5,125,4.15,,,516,2979,5.8,32,19,249,13.1,1,3,38
2014,Jerick McKinnon,Georgia Southern,RB,68.88,209,8.63,30.25,,4.41,32,40.5,132,4.12,6.83,,510,3404,6.7,39,10,165,16.5,1,3,37
2014,Rajion Neal,Tennessee,RB,71.13,220,9,31,,4.57,,38,119,4.34,7.19,,444,2163,4.9,19,66,626,9.5,5,4,43
2014,LaDarius Perkins,Mississippi State,RB,67.38,195,9.63,31,,4.46,23,35.5,123,4.3,7.08,,530,2554,4.8,15,68,714,10.5,10,4,50
2014,Silas Redd,Southern California,RB,69.75,212,9,30.75,,4.7,18,37,122,,,,569,2959,5.2,19,32,225,7,2,4,33
2014,Bishop Sankey,Washington,RB,69.5,209,10,31,,4.49,26,35.5,125,4,6.75,,644,3496,5.4,37,67,567,8.5,1,3,38
2014,Lache Seastrunk,Baylor,RB,69.5,201,9.25,30,,4.51,15,41.5,134,4.36,6.81,,289,2189,7.6,18,9,107,11.9,1,2,24
2014,Charles Sims,West Virginia,RB,72,214,8.25,31,,4.48,17,37.5,125,4.3,7.16,,592,3465,5.9,40,203,2108,10.4,11,4,48
2014,Jerome Smith,Syracuse,RB,71.13,220,9.75,30.88,,4.84,14,36,116,4.6,7.53,,464,2219,4.8,16,17,161,9.5,1,3,38
2014,DeAnthony Thomas,Oregon,RB,68.63,174,8.13,29.88,,4.5,8,32,123,4.23,6.94,,243,1890,7.8,26,113,1296,11.5,15,3,37
2014,James White,Wisconsin,RB,69.13,204,8.25,29.25,,4.57,23,32,113,4.2,7.05,11.76,643,4015,6.2,45,73,670,9.2,3,4,52
2014,James Wilder,Florida State,RB,74.63,232,9.75,32,,4.86,18,35,121,4.24,6.92,12.03,226,1363,6,20,24,182,7.6,2,3,39
2014,Andre Williams,Boston College,RB,71.38,230,9,33.5,,4.56,,38,128,4.06,7.27,,704,3739,5.3,28,10,60,6,0,4,44
2014,Damien Williams,Oklahoma,RB,71.25,222,9.13,30.63,,4.45,16,35.5,121,4.25,7.37,11.76,290,1499,5.2,18,43,410,9.5,1,2,22
2013,C.J. Anderson,California,RB,68.13,224,9.08,30,,4.6,17,32,119,4.12,7.15,,198,1135,5.7,12,22,350,15.9,2,2,25
2013,Montee Ball,Wisconsin,RB,70.5,214,9.08,32.63,,4.66,15,32,118,4.4,6.88,,924,5140,5.6,77,59,598,10.1,6,4,49
2013,Kenjon Barner,Oregon,RB,69.25,196,9.18,29.63,,4.52,20,35.5,122,4.2,6.87,11.33,582,3623,6.2,41,54,591,10.9,7,4,49
2013,Le'Veon Bell,Michigan State,RB,73.38,230,9.58,31.5,,4.6,24,31.5,118,4.24,6.75,,671,3346,5,33,78,531,6.8,1,4,40
2013,Giovani Bernard,North Carolina,RB,68.38,202,9.38,28,25,4.53,19,33.5,122,4.12,6.91,11.41,423,2481,5.9,25,92,852,9.3,6,2,23
2013,Rex Burkhead,Nebraska,RB,70.25,214,9.68,30.88,,4.73,21,39,125,4.09,6.85,11.51,635,3329,5.2,30,60,507,8.5,5,4,44
2013,Michael Cox,Massachusetts,RB,71.75,222,8.75,32.5,,4.58,24,41,131,4.08,6.87,,217,879,4.1,7,14,74,5.3,0,4,27
2013,Knile Davis,Arkansas,RB,71.38,227,8.58,29.75,,4.37,31,33.5,121,4.38,6.96,,349,1862,5.3,19,32,297,9.3,2,3,36
2013,Andre Ellington,Clemson,RB,69.25,199,9.38,31,,4.61,,34,122,,,,621,3436,5.5,33,59,505,8.6,2,4,49
2013,Michael Ford,Louisiana State,RB,69.5,210,9.08,30.38,,4.5,25,38.5,130,4.25,6.87,11.43,243,1392,5.7,13,8,69,8.6,1,3,37
2013,Johnathan Franklin,UCLA,RB,70,205,9.38,30,,4.49,18,31.5,115,4.31,6.89,11.33,788,4403,5.6,31,58,517,8.9,3,4,53
2013,Mike Gillislee,Florida,RB,71.13,208,9.38,31.13,,4.55,15,30.5,119,4.4,7.12,12.02,389,2072,5.3,20,23,182,7.9,2,4,49
2013,Ray Graham,Pittsburgh,RB,69.13,199,9.58,30.25,,4.8,18,32.5,112,4.21,7.17,11.63,595,3271,5.5,32,98,799,8.2,4,4,46
2013,D.J. Harper,Boise State,RB,69.13,211,10.28,31,,4.52,23,33.5,120,4.35,7.07,11.85,547,2779,5.1,39,54,396,7.3,2,6,54
2013,Montel Harris,Temple,RB,68.25,208,9.38,30.5,,4.68,19,32.5,113,4.18,6.95,,973,4789,4.9,39,59,467,7.9,3,5,50
2013,Mike James,Miami (FL),RB,70.5,223,9.68,31.63,,4.53,28,35,115,4.62,6.93,,304,1340,4.4,17,67,585,8.7,5,4,50
2013,Jawan Jamison,Rutgers,RB,67.38,203,8.38,29,,4.68,20,29,110,4.62,7.47,,486,1972,4.1,13,36,385,10.7,2,2,25
2013,Stefphon Jefferson,Nevada,RB,70.5,213,9.18,30.25,,4.68,15,31,117,4.44,6.97,11.8,448,2338,5.2,30,29,218,7.5,1,3,33
2013,Dennis Johnson,Arkansas,RB,66.75,196,9.25,27.875,,4.48,21,32.5,118,4.53,7.13,,345,2036,5.9,13,63,510,8.1,4,5,50
2013,Eddie Lacy,Alabama,RB,71,220,9.48,31,17,4.55,,33.5,,,7.33,,355,2402,6.8,30,35,338,9.7,2,3,38
2013,Marcus Lattimore,South Carolina,RB,71.25,219,9.88,32.5,18,4.65,,,,,,,555,2677,4.8,38,74,767,10.4,3,3,29
2013,Onterio McCalebb,Auburn,RB,70.25,168,9.08,31,,4.34,,34,121,4.32,7.02,,406,2586,6.4,24,63,620,9.8,3,4,50
2013,Christine Michael,Texas A&M,RB,70,220,9.38,31.5,11,4.54,27,43,125,4.02,6.69,11.56,529,2791,5.3,34,44,323,7.3,1,4,50
2013,Latavius Murray,Central Florida,RB,74.63,223,9.13,33.625,,4.38,22,36,124,4.36,6.81,,453,2424,5.4,37,50,524,10.5,6,4,45
2013,Joseph Randle,Oklahoma State,RB,72,204,8.68,31.75,,4.63,,35,123,4.23,7.01,,564,3085,5.5,40,108,917,8.5,3,3,39
2013,Theo Riddick,Notre Dame,RB,70.13,201,8.68,30,,4.68,14,32,118,4.32,6.99,,24,1169,4.8,5,120,1263,10.5,8,4,45
2013,Robbie Rouse,Frenso State (CA),RB,65.75,190,9.28,28.38,,4.8,15,34,114,4.25,6.97,11.56,898,4647,5.2,37,110,794,7.2,5,4,50
2013,Zac Stacy,Vanderbilt,RB,68.38,216,8.58,30.25,,4.55,27,33,122,4.17,6.7,,581,3143,5.4,30,46,415,9,0,4,45
2013,Stepfan Taylor,Stanford,RB,69.13,214,8.58,30.13,,4.76,17,30,110,4.5,7.13,12.06,843,4300,5.1,40,40,97,78,8,4,53
2013,Chris Thompson,Florida State,RB,67.13,192,9.28,30.25,,4.42,21,35,,,,,277,1735,6.3,14,45,430,9.6,1,4,39
2013,Matthew Tucker,Texas Christian,RB,72.38,221,9.28,30.25,,4.55,17,35.5,118,4.44,7.13,,494,2602,5.3,33,29,262,9,1,4,51
2013,Spencer Ware,Louisiana State,RB,70.13,228,9.63,30.125,,4.62,17,35.5,119,4.27,7.07,,295,1249,4.2,10,39,404,10.4,2,3,36
2013,Kerwynn Williams,Utah State,RB,68.13,196,9.18,29.75,,4.48,17,35,118,4.15,7.15,12.04,382,2515,6.6,22,64,870,13.5,5,4,49
2013,George Winn,Cincinnati,RB,70.5,218,9.78,30.88,,4.75,22,34.5,119,4.33,7.13,,321,1710,5.3,15,19,159,8.4,0,4,37
2013,Cierre Wood,Notre Dame,RB,71.25,213,8.58,30.88,,4.56,16,37.5,124,4.29,6.87,,450,2447,5.4,16,52,384,7.4,2,3,37
2012,Edwin Baker,Michigan State,RB,68,204,8.13,29.63,,4.44,20,35,111,4.31,7.27,,462,2293,5,19,15,125,8.3,1,3,35
2012,Mike Ball,Nevada,RB,68.5,206,9.13,31,,4.54,21,36,112,4.23,7.1,11.84,196,1183,6,12,23,116,5,4,3,32
2012,Vick Ballard,Mississippi State,RB,70.25,219,9.5,31.75,,4.59,23,33,115,4.19,7.03,,379,2157,5.7,29,30,293,9.8,2,2,25
2012,Brandon Bolden,Mississippi,RB,70.88,222,10,32.25,,4.55,21,38,119,4.44,6.96,,486,2594,5.3,27,76,807,10.6,6,4,48
2012,Bryce Brown,Kansas State,RB,71.5,223,,,,4.48,22,34,117,4.2,7.04,,104,476,4.6,3,11,140,12.7,1,2,14
2012,Lennon Creer,Louisiana Tech,RB,71.38,219,9.25,31.5,,4.67,21,33.5,110,4.4,7.26,,519,2621,5.1,24,48,297,6.2,1,4,46
2012,Terrance Ganaway,Baylor,RB,71.5,239,9.25,31.63,,4.61,22,37.5,119,4.25,7.15,11.65,473,2592,5.5,34,12,133,11.1,1,4,51
2012,Cyrus Gray,Texas A&M,RB,70.38,206,9.13,29.5,,4.4,21,32.5,114,4.28,7.17,,632,3298,5.2,30,103,776,7.5,6,4,49
2012,Jonas Gray,Notre Dame,RB,69.75,223,10,31.38,,4.58,20,,,,,,189,1100,5.8,12,11,105,9.5,0,4,34
2012,Jewel Hampton,Southern Illinois,RB,68.63,218,9.63,31,,4.56,26,33,115,4.3,6.98,,118,577,4.9,8,3,6,2,1,2,15
2012,Dan Herron,Ohio State,RB,69.75,213,9,32,,4.57,22,35,117,4.04,6.97,11.6,592,2869,4.8,32,4,309,7,1,4,41
2012,Ronnie Hillman,San Diego State,RB,68.75,200,8.5,30,,4.42,17,37,,,,,573,3243,5.7,36,33,338,10.2,2,2,26
2012,LaMichael James,Oregon,RB,68,194,9,30.25,,4.35,15,35,123,4.12,6.88,,771,5082,6.6,53,51,586,11.5,4,3,37
2012,Doug Martin,Boise State,RB,69.25,223,9,30.5,,4.46,28,36,120,4.16,6.79,11.29,617,3431,5.6,43,67,715,10.7,4,4,51
2012,Davin Meggett,Maryland,RB,68.25,211,9.5,30.13,,4.5,23,35,118,4.32,7.14,11.53,485,2411,5,18,46,454,9.9,2,4,50
2012,Lamar Miller,Miami (FL),RB,70.75,212,9.25,31.38,,4.34,,33,120,4.08,6.94,,335,1918,5.7,15,28,181,6.5,1,2,23
2012,Alfred Morris,Florida Atlantic,RB,69.88,219,10.25,31.38,,4.63,16,35.5,117,4.19,7.01,11.86,733,3529,4.8,27,30,300,10,4,4,47
2012,Isaiah Pead,Cincinnati,RB,70.13,197,8.63,31,,4.39,,33,116,4.32,6.95,,545,3288,6,27,87,721,8.3,6,4,44
2012,Bernard Pierce,Temple,RB,72.25,218,9.25,31.5,,4.45,17,36.5,123,4.28,7.07,,663,3570,5.4,53,19,178,9.4,1,3,34
2012,Chris Polk,Washington,RB,70.5,215,9.75,31.5,,4.52,16,31.5,111,4.21,7.13,,799,4049,5.1,26,79,683,8.6,4,4,40
2012,Tauren Poole,Tennessee,RB,70,205,8,29.75,,4.48,24,34,118,4.19,7.36,,423,1898,4.5,16,45,343,7.6,1,4,50
2012,Chris Rainey,Florida,RB,68.38,180,9.5,30.75,,4.36,16,36.5,120,3.93,6.5,11.06,396,2464,6.2,13,69,795,11.5,6,5,53
2012,Daryl Richardson,Abilene Christian (TX),RB,70.38,192,,,,4.47,16,40.5,135,4.36,7.07,,,,,,,,,,,
2012,Trent Richardson,Alabama,RB,69.25,228,9.5,30.25,,4.49,25,,,,,,540,3130,5.8,35,68,730,10.7,7,3,38
2012,Darrell Scott,South Florida,RB,72.13,231,8.25,32,,4.68,18,31.5,117,4.27,7.1,,263,1252,4.8,6,28,309,11,1,3,27
2012,Michael Smith,Utah State,RB,68.5,207,,,,4.36,23,40.5,126,4.35,7.51,,184,1313,7.1,15,38,424,11.2,4,3,28
2012,Robert Turbin,Utah State,RB,70,222,9.75,31,,4.42,28,36,122,4.31,7.16,,565,3315,5.9,40,67,845,12.6,11,4,38
2012,Marc Tyler,Southern California,RB,70.63,219,9.5,32,,4.7,19,30.5,110,4.5,7.27,,334,1751,5.2,15,29,245,8.4,2,4,32
2012,Fozzy Whittaker,Texas,RB,69,193,9.25,30.75,,4.49,20,,,,,,263,1233,4.7,12,73,464,6.4,1,4,38
2012,David Wilson,Virginia Tech,RB,69.63,206,9.38,30.25,,4.38,,41,132,4.12,7.09,11.59,462,2662,5.8,18,37,363,9.8,5,3,40
2011,Anthony Allen,Georgia Tech,RB,72.75,228,9.63,30.38,,4.56,24,41.5,120,4.06,6.79,11.46,546,3036,5.6,33,33,401,12.2,5,4,52
2011,Armando Allen,Notre Dame,RB,68.25,199,8.75,30.25,,4.52,23,31.5,120,4.12,7.1,,469,2144,4.6,8,119,833,7,3,4,42
2011,Matt Asiata,Utah,RB,71,229,9.5,30.13,,4.77,22,30,104,4.37,7.09,11.96,379,1748,4.6,24,54,394,7.3,2,4,31
2011,Baron Batch,Texas Tech,RB,69.63,207,,,,4.5,24,39,126,4.32,7.03,,467,2501,5.4,27,140,1111,7.9,5,4,45
2011,Damien Berry,Miami (FL),RB,70.25,211,9.38,32.25,,4.58,23,33.5,120,4.12,7,,283,1515,5.4,13,15,165,11,1,2,25
2011,Allen Bradford,Southern California,RB,70.88,242,9.38,32.13,,4.53,28,29,113,4.39,6.97,,267,1585,5.9,16,14,176,12.6,4,5,52
2011,Delone Carter,Syracuse,RB,68.63,222,9.5,31,,4.54,27,37,120,4.07,6.92,,646,3104,4.8,24,28,208,7.4,1,4,42
2011,John Clay,Wisconsin,RB,72.5,230,8.75,31,,4.83,19,29,111,4.3,7.1,,629,3413,5.4,41,11,72,6.5,0,3,37
2011,Graig Cooper,Miami (FL),RB,70,205,9.5,31.75,,4.6,18,32.5,114,4.03,6.66,,465,2383,5.1,13,66,402,6.1,3,4,46
2011,Noel Devine,West Virginia,RB,67.5,179,8.63,29.25,,4.34,24,35.5,121,4.25,6.88,,728,4315,5.9,29,98,710,7.2,2,4,51
2011,Shaun Draughn,North Carolina,RB,70.88,213,10,31,,4.73,21,34,118,4.2,7.15,,451,2070,4.6,10,50,268,5.4,1,3,35
2011,Darren Evans,Virginia Tech,RB,72,227,9.75,31.75,,4.56,26,35,111,4.46,6.96,11.78,438,2119,4.8,22,26,217,8.3,0,2,28
2011,Mario Fannin,Auburn,RB,70.38,231,9.5,30.75,,4.37,21,37.5,115,4.21,6.99,,233,1366,5.9,11,97,985,10.2,9,4,51
2011,Jay Finley,Baylor,RB,70.88,203,,,,4.51,14,39.5,132,4.36,7.39,,478,2660,5.6,22,40,416,10.4,3,4,46
2011,Alex Green,Hawaii,RB,72.25,225,9.13,32,,4.45,20,34,114,4.15,6.91,,232,1652,7.1,20,38,461,12.1,2,2,27
2011,Jamie Harper,Clemson,RB,71.38,233,8.88,30.38,,4.53,24,36.5,120,4.39,7.16,,311,1311,4.2,12,50,398,8,3,3,39
2011,Roy Helu,Nebraska,RB,71.5,219,10.25,31.38,,4.4,11,36.5,119,4.01,6.67,11.07,578,3404,5.9,28,54,501,9.3,0,4,47
2011,Kendall Hunter,Oklahoma State,RB,67.25,199,8.75,31,,4.46,24,35,122,4.21,6.74,11.19,708,4181,5.9,37,63,519,8.2,2,4,46
2011,Mark Ingram,Alabama,RB,69.13,215,9.5,30.75,,4.62,21,31.5,113,4.62,7.13,,572,3261,5.7,42,60,670,11.2,4,3,39
2011,Taiwan Jones,Eastern Washington,RB,71.63,194,8.75,29.5,,4.53,13,32,115,4.33,7.25,,,,,,,,,,,
2011,Mikel Leshoure,Illinois,RB,71.63,227,9.5,32.63,,4.56,21,38,122,4.4,6.82,,424,2557,6,23,37,439,11.9,5,3,33
2011,Dion Lewis,Pittsburgh,RB,66.63,193,8.75,28.13,,4.56,17,34.5,112,4.18,6.9,11.39,544,2860,5.3,30,52,405,7.8,1,2,25
2011,Derrick Locke,Kentucky,RB,68.25,188,9,28.88,,4.37,16,37.5,118,4.15,6.98,,518,2618,5.1,22,95,883,9.3,3,4,40
2011,DeMarco Murray,Oklahoma,RB,71.63,213,9.25,32,,4.37,21,34.5,130,4.18,7.28,,759,3685,4.9,50,157,1571,10,13,4,50
2011,Bilal Powell,Louisville,RB,70.5,207,8.75,30.88,,4.52,18,,,,,,436,2338,5.4,19,45,344,7.6,3,4,42
2011,Stevan Ridley,Louisiana State,RB,71.25,225,9.25,31.88,,4.65,18,36,118,4.21,6.78,,306,1419,4.6,19,17,94,5.5,0,3,39
2011,Jacquizz Rodgers,Oregon State,RB,65.88,196,8.88,30.5,,4.59,13,33,113,4.26,7.31,,788,3877,4.9,46,151,1056,7,5,3,36
2011,Evan Royster,Penn State,RB,71.63,212,9.25,30.75,,4.65,20,34,113,4.18,7.07,,686,3932,5.7,29,61,562,9.2,3,4,50
2011,Brandon Saine,Ohio State,RB,71.25,220,9.25,30.63,,4.4,22,34.5,113,4.25,6.98,,301,1408,4.7,9,55,616,11.2,8,4,49
2011,Da'Rel Scott,Maryland,RB,71,211,9,32.5,,4.4,19,34,117,4.2,7.15,11.51,430,2401,5.6,17,48,509,10.6,4,4,41
2011,Vai Taua,Nevada,RB,69.5,213,9.25,31.13,,4.65,20,34.5,112,4.18,6.89,,711,4588,6.5,45,61,571,9.4,8,4,45
2011,Daniel Thomas,Kansas State,RB,72.25,230,9,32.38,,4.63,21,34,123,4.29,7.06,,545,2850,5.2,30,52,428,8.2,0,2,25
2011,Jordan Todman,Connecticut,RB,68.88,203,9.38,32,,4.4,25,38,126,4.18,7.24,11.25,616,3179,5.2,31,42,283,6.7,0,3,37
2011,Shane Vereen,California,RB,70.25,210,9,30.63,,4.49,31,34,115,4.28,6.95,11.58,556,2834,5.1,29,74,674,9.1,6,3,38
2011,Johnny White,North Carolina,RB,69.88,209,9.13,30,,4.5,,32.5,117,4.31,7.07,11.62,246,1262,5.1,8,47,510,10.9,1,4,46
2011,Jonathan Williams,East Carolina (NC),RB,71.5,212,,,,4.45,18,37.5,124,4.43,6.84,,265,1415,5.3,16,61,461,7.6,1,4,36
2011,Ryan Williams,Virginia Tech,RB,69.38,212,9,30.75,,4.59,19,40,123,4.18,6.96,11.4,403,2132,5.3,30,26,289,11.1,2,2,23
2010,Joique Bell,Wayne State (MI),RB,71.25,220,9,31.5,,4.68,16,36.5,120,4.17,6.84,11.33,326,2084,6.4,29,23,293,12.7,3,1,11
2010,Jahvid Best,California,RB,70.13,199,9,31.75,24,4.34,18,32.5,113,4.17,6.75,,364,2668,7.3,29,62,533,8.6,6,3,31
2010,LeGarrette Blount,Oregon,RB,72.5,241,10,33.5,16,4.7,18,35,117,4.49,6.85,,159,1084,6.8,19,4,15,3.8,0,2,16
2010,Chris Brown,Oklahoma,RB,70.38,210,9.13,29,,4.55,17,36,115,4.49,7.12,,627,2923,4.4,42,44,323,7.3,3,4,45
2010,Andre Dixon,Connecticut,RB,72.75,205,10.13,32.25,,4.56,,40,117,4.19,6.99,11.55,415,1958,4.4,17,37,400,10.8,2,4,38
2010,Anthony Dixon,Mississippi State,RB,72.75,233,9.75,32.625,25,4.67,15,33,121,4.49,7.09,,910,3994,4.4,42,56,449,8,4,4,48
2010,Jonathan Dwyer,Georgia Tech,RB,71.25,229,8.63,31,17,4.64,15,33,107,4.67,7.56,,517,3226,6.2,35,15,263,17.5,1,3,40
2010,Toby Gerhart,Stanford,RB,72,231,9.63,32,,4.5,22,38,118,4.25,6.94,,671,3522,5.2,44,39,395,10.1,0,4,38
2010,Montario Hardesty,Tennessee,RB,71.75,225,9.5,31,25,4.49,21,41,124,4.14,6.87,,560,2391,4.3,26,38,405,10.7,1,5,49
2010,Brandon James,Florida,RB,66.38,186,8.75,29.75,,4.47,14,,,,,,61,302,5,2,43,379,8.8,2,4,51
2010,Javarris James,Miami (FL),RB,72.25,215,9.63,32,,4.58,21,36,115,4.24,7.07,,505,2162,4.3,18,55,503,9.1,1,4,46
2010,Stafon Johnson,Southern California,RB,70.88,214,8.75,30.38,,4.62,13,35.5,118,4.28,7.21,,271,1552,5.7,19,12,65,5.4,0,4,31
2010,Darius Marshall,Marshall (WV),RB,69.25,190,9,30.75,,4.59,14,35.5,109,4.39,7.13,,574,2857,5,19,42,244,5.8,0,3,34
2010,Ryan Mathews,Frenso State (CA),RB,71.63,218,9.25,31,16,4.37,19,36,121,4.33,7,,534,3280,6.1,39,19,268,14.1,2,3,31
2010,Joe McKnight,Southern California,RB,71.38,198,9.13,31.75,,4.4,18,36.5,120,4.48,7.12,,347,2213,6.3,13,66,542,8.2,2,3,36
2010,Shawnbrey McNeal,Southern Methodist (TX),RB,69.13,194,9.38,30.5,,4.53,14,36,117,4.5,7.23,,269,1340,5,15,31,283,9.1,2,3,28
2010,Lonyae Miller,Frenso State (CA),RB,71.5,221,8.88,30.75,,4.43,26,36.5,120,4.54,7.2,,374,2062,5.5,20,14,91,6.5,0,4,45
2010,Brandon Minor,Michigan,RB,72,214,9,32,,,,,,,,,331,1658,5,20,10,70,7,2,4,43
2010,Charles Scott,Louisiana State,RB,71.38,238,9.5,33,26,4.68,17,30.5,111,4.47,6.98,,424,2317,5.5,32,31,260,8.4,3,4,43
2010,C.J. Spiller,Clemson,RB,70.63,196,10.13,30.5,10,4.27,18,36,126,,,,606,3547,5.9,32,123,1420,11.5,11,4,52
2010,James Starks,Buffalo,RB,74.13,218,9.5,33.75,,4.5,15,36,119,4.23,6.89,,698,3140,4.5,34,127,898,7.1,3,3,36
2010,Ben Tate,Auburn,RB,71,220,9,31.25,,4.34,26,40.5,124,4.12,6.91,,678,3321,4.9,24,53,336,6.3,0,4,49
2010,Keith Toston,Oklahoma State,RB,71.75,213,9.25,32.75,,4.66,22,32,110,4.67,7.23,,473,2725,5.8,27,51,507,9.9,3,4,49
2010,Keiland Williams,Louisiana State,RB,70.88,233,8.75,30,,4.52,16,33,,,,,299,1699,5.7,17,28,273,9.8,2,4,47